<?xml version="1.0" standalone="yes"?>
<Recordset>
  <xs:schema id="Recordset" xmlns="" xmlns:xs="http://www.w3.org/2001/XMLSchema" xmlns:msdata="urn:schemas-microsoft-com:xml-msdata">
    <xs:element name="Recordset" msdata:IsDataSet="true" msdata:MainDataTable="DTOPTION" msdata:UseCurrentLocale="true">
      <xs:complexType>
        <xs:choice minOccurs="0" maxOccurs="unbounded">
          <xs:element name="DTOPTION">
            <xs:complexType>
              <xs:sequence>
                <xs:element name="OID" type="xs:int" minOccurs="0" />
                <xs:element name="TXID" type="xs:int" minOccurs="0" />
                <xs:element name="LID" type="xs:int" minOccurs="0" />
                <xs:element name="OPTION" type="xs:string" minOccurs="0" />
              </xs:sequence>
            </xs:complexType>
          </xs:element>
        </xs:choice>
      </xs:complexType>
    </xs:element>
  </xs:schema>
  <DTOPTION>
    <OID>1</OID>
    <TXID>1</TXID>
    <LID>2</LID>
    <OPTION>ACE000</OPTION>
  </DTOPTION>
  <DTOPTION>
    <OID>2</OID>
    <TXID>1</TXID>
    <LID>2</LID>
    <OPTION>ACE001</OPTION>
  </DTOPTION>
  <DTOPTION>
    <OID>3</OID>
    <TXID>1</TXID>
    <LID>2</LID>
    <OPTION>OTHER</OPTION>
  </DTOPTION>
  <DTOPTION>
    <OID>4</OID>
    <TXID>1</TXID>
    <LID>3</LID>
    <OPTION>GSS-PTR-D-WIRELESS-192</OPTION>
  </DTOPTION>
  <DTOPTION>
    <OID>5</OID>
    <TXID>1</TXID>
    <LID>3</LID>
    <OPTION>GSS-PTR-I-189</OPTION>
  </DTOPTION>
  <DTOPTION>
    <OID>6</OID>
    <TXID>1</TXID>
    <LID>3</LID>
    <OPTION>GSS-PTR-D-144</OPTION>
  </DTOPTION>
</Recordset>